{
  "timings": {
    "insertion_sort": {
      "0.01": 0.06333600999999997,
      "0.032": 0.6627835,
      "0.055": 1.9202383900000002,
      "0.078": 5.031535300000001,
      "0.1": 9.82021034
    },
    "merge_sort": {
      "0.01": 0.0027276599999999872,
      "0.032": 0.010526519999999984,
      "0.055": 0.017581599999999843,
      "0.078": 0.026398659999999553,
      "0.1": 0.06651946000000208
    },
    "quick_sort": {
      "0.01": 0.0014726499999999864,
      "0.032": 0.003986610000000024,
      "0.055": 0.006694259999999996,
      "0.078": 0.009141910000000308,
      "0.1": 0.019784769999998276
    },
    "comb_sort": {
      "0.01": 0.0036647600000000225,
      "0.032": 0.014468769999999975,
      "0.055": 0.025566509999999633,
      "0.078": 0.0380271699999998,
      "0.1": 0.10500895999999926
    },
    "heap_sort": {
      "0.01": 0.004078530000000013,
      "0.032": 0.016226130000000016,
      "0.055": 0.028355599999999724,
      "0.078": 0.041406229999999766,
      "0.1": 0.10510393000000277
    }
  },
  "complexities": {
    "insertion_sort": {
      "slope": 2.1592946251275063,
      "r2": 0.9953587673780511
    },
    "merge_sort": {
      "slope": 1.2645370712249562,
      "r2": 0.9561431268503978
    },
    "quick_sort": {
      "slope": 1.0333164201528506,
      "r2": 0.9512173971401591
    },
    "comb_sort": {
      "slope": 1.322846099734217,
      "r2": 0.9506155146651792
    },
    "heap_sort": {
      "slope": 1.290731283398465,
      "r2": 0.9599009829478653
    }
  }
}