{
  "timings": {
    "insertion_sort": {
      "0.01": 0.08313503000000004,
      "0.032": 0.8344474999999999,
      "0.055": 2.9392726,
      "0.078": 4.60019673,
      "0.1": 6.991713390000001
    },
    "merge_sort": {
      "0.01": 0.00280187999999999,
      "0.032": 0.014223069999999893,
      "0.055": 0.025044340000001598,
      "0.078": 0.026489099999999155,
      "0.1": 0.036306760000002214
    },
    "quick_sort": {
      "0.01": 0.00146563000000004,
      "0.032": 0.006057290000000037,
      "0.055": 0.008660139999999216,
      "0.078": 0.008960879999999349,
      "0.1": 0.012855840000003126
    },
    "comb_sort": {
      "0.01": 0.004323310000000013,
      "0.032": 0.01840937999999994,
      "0.055": 0.03482318999999947,
      "0.078": 0.04020730999999813,
      "0.1": 0.05576864000000512
    },
    "heap_sort": {
      "0.01": 0.004465160000000035,
      "0.032": 0.02119976999999995,
      "0.055": 0.038145180000001486,
      "0.078": 0.04462482999999793,
      "0.1": 0.06080100000000073
    }
  },
  "complexities": {
    "insertion_sort": {
      "slope": 1.9518482502374876,
      "r2": 0.9958947407926257
    },
    "merge_sort": {
      "slope": 1.1003077055767099,
      "r2": 0.9693526501086005
    },
    "quick_sort": {
      "slope": 0.9058608217473512,
      "r2": 0.9590772133920127
    },
    "comb_sort": {
      "slope": 1.1028731221882198,
      "r2": 0.9887024521516724
    },
    "heap_sort": {
      "slope": 1.1252770528577638,
      "r2": 0.9845377294464965
    }
  }
}