{
  "timings": {
    "insertion_sort": {
      "0.01": 0.07017647000000002,
      "0.032": 0.7241681300000001,
      "0.055": 2.18031795,
      "0.078": 4.3362814599999995,
      "0.1": 7.170561989999996
    },
    "merge_sort": {
      "0.01": 0.0029151200000000154,
      "0.032": 0.010431610000000013,
      "0.055": 0.0207736299999997,
      "0.078": 0.028133270000000366,
      "0.1": 0.03746256000000159
    },
    "quick_sort_2": {
      "0.01": 0.0027649499999999995,
      "0.032": 0.011766969999999977,
      "0.055": 0.02714710999999994,
      "0.078": 0.042777590000000386,
      "0.1": 0.06261740000000202
    },
    "quick_sort_3": {
      "0.01": 0.0017870099999999888,
      "0.032": 0.005528810000000006,
      "0.055": 0.010082580000000263,
      "0.078": 0.012709249999999627,
      "0.1": 0.017535889999997778
    },
    "comb_sort": {
      "0.01": 0.004016049999999993,
      "0.032": 0.014436689999999985,
      "0.055": 0.03180304000000049,
      "0.078": 0.04505472999999931,
      "0.1": 0.05838439000000051
    },
    "heap_sort": {
      "0.01": 0.0043791199999999916,
      "0.032": 0.016093049999999942,
      "0.055": 0.03255929999999996,
      "0.078": 0.045562789999999256,
      "0.1": 0.060891509999997595
    }
  },
  "complexities": {
    "insertion_sort": {
      "slope": 2.0094382126411077,
      "r2": 0.9999899525997946
    },
    "merge_sort": {
      "slope": 1.1137271075302422,
      "r2": 0.9987525928250383
    },
    "quick_sort_2": {
      "slope": 1.3554600269303718,
      "r2": 0.9981871883615402
    },
    "quick_sort_3": {
      "slope": 0.9829759198654021,
      "r2": 0.9978777273103844
    },
    "comb_sort": {
      "slope": 1.1806326774994869,
      "r2": 0.9973658375796737
    },
    "heap_sort": {
      "slope": 1.1487175370220017,
      "r2": 0.9991157500840654
    }
  }
}