{
  "timings": {
    "merge_sort": {
      "0.2": 0.07060437999999998,
      "0.289": 0.10554193000000014,
      "0.378": 0.14280091,
      "0.467": 0.17796021,
      "0.556": 0.2148422700000001,
      "0.644": 0.2551817700000004,
      "0.733": 0.2939252100000001,
      "0.822": 0.33570667000000115,
      "0.911": 0.3801148799999986,
      "1.0": 0.42416282000000366
    },
    "quick_sort_2": {
      "0.2": 0.12037571,
      "0.289": 0.22573433000000004,
      "0.378": 0.34974568000000006,
      "0.467": 0.5040976200000001,
      "0.556": 0.6963225599999999,
      "0.644": 0.8903920700000001,
      "0.733": 1.1219138199999992,
      "0.822": 1.3984110599999995,
      "0.911": 1.6880234999999986,
      "1.0": 2.079052299999998
    },
    "quick_sort_3": {
      "0.2": 0.034029640000000014,
      "0.289": 0.050626670000000075,
      "0.378": 0.06744399000000004,
      "0.467": 0.08306450999999973,
      "0.556": 0.09985321999999996,
      "0.644": 0.11494905999999964,
      "0.733": 0.1248987599999996,
      "0.822": 0.1483056299999994,
      "0.911": 0.1636161400000006,
      "1.0": 0.18451191000000336
    },
    "comb_sort": {
      "0.2": 0.09859471999999998,
      "0.289": 0.17089644000000007,
      "0.378": 0.2361533699999999,
      "0.467": 0.2822009500000001,
      "0.556": 0.32933680000000043,
      "0.644": 0.39491960000000004,
      "0.733": 0.4557231199999986,
      "0.822": 0.5606378399999989,
      "0.911": 0.5943630599999998,
      "1.0": 0.7128255899999999
    },
    "heap_sort": {
      "0.2": 0.11809006,
      "0.289": 0.1804983,
      "0.378": 0.2450862099999999,
      "0.467": 0.31214917,
      "0.556": 0.37957570999999996,
      "0.644": 0.4489570999999998,
      "0.733": 0.5306882299999998,
      "0.822": 0.5998637500000001,
      "0.911": 0.6802763899999988,
      "1.0": 0.7742415199999982
    }
  },
  "complexities": {
    "merge_sort": {
      "slope": 1.1097565577049988,
      "r2": 0.9997569017341492
    },
    "quick_sort_2": {
      "slope": 1.7564622350184154,
      "r2": 0.9992111266404938
    },
    "quick_sort_3": {
      "slope": 1.0297440313957018,
      "r2": 0.9986560078839241
    },
    "comb_sort": {
      "slope": 1.1646001394055439,
      "r2": 0.993710831434686
    },
    "heap_sort": {
      "slope": 1.1595007542096185,
      "r2": 0.9997308242049421
    }
  }
}