{
  "timings": {
    "merge_sort": {
      "0.2": 0.07499147000000002,
      "0.4": 0.15161154000000002,
      "0.6": 0.23796553999999998,
      "0.8": 0.3244743899999996,
      "1.0": 0.41818436000000003
    },
    "quick_sort_2": {
      "0.2": 0.12416106999999998,
      "0.4": 0.3783255699999999,
      "0.6": 0.7736600700000003,
      "0.8": 1.3087672599999998,
      "1.0": 1.9896561600000005
    },
    "quick_sort_3": {
      "0.2": 0.037615180000000026,
      "0.4": 0.07034863000000002,
      "0.6": 0.1073627300000001,
      "0.8": 0.1450930299999998,
      "1.0": 0.17620763999999908
    },
    "comb_sort": {
      "0.2": 0.10378544999999999,
      "0.4": 0.23138287000000002,
      "0.6": 0.37587013000000014,
      "0.8": 0.5004774600000002,
      "1.0": 0.6941127300000002
    },
    "heap_sort": {
      "0.2": 0.12045226999999994,
      "0.4": 0.25504588,
      "0.6": 0.40201422000000014,
      "0.8": 0.5755583100000001,
      "1.0": 0.7612069500000007
    }
  },
  "complexities": {
    "merge_sort": {
      "slope": 1.0680070383297637,
      "r2": 0.9995088343030863
    },
    "quick_sort_2": {
      "slope": 1.7221525966082334,
      "r2": 0.998880819018943
    },
    "quick_sort_3": {
      "slope": 0.9706739596458102,
      "r2": 0.9989357635638895
    },
    "comb_sort": {
      "slope": 1.1656716442030357,
      "r2": 0.9988972206383396
    },
    "heap_sort": {
      "slope": 1.1416805469555285,
      "r2": 0.998872392557712
    }
  }
}