{
  "timings": {
    "insertion_sort": {
      "0.01": 0.06150917,
      "0.032": 0.6382086700000001,
      "0.055": 1.88464676,
      "0.078": 3.8114096900000023,
      "0.1": 6.244129539999998
    },
    "merge_sort": {
      "0.01": 0.0026998999999999773,
      "0.032": 0.009678699999999995,
      "0.055": 0.017505520000000007,
      "0.078": 0.026100829999999676,
      "0.1": 0.03346451999999829
    },
    "quick_sort_2": {
      "0.01": 0.0017877599999999937,
      "0.032": 0.005480310000000021,
      "0.055": 0.009618830000000056,
      "0.078": 0.015384539999999091,
      "0.1": 0.020925499999999885
    },
    "quick_sort_3": {
      "0.01": 0.0014261000000000078,
      "0.032": 0.0038605999999999697,
      "0.055": 0.006646120000000089,
      "0.078": 0.008537300000000058,
      "0.1": 0.010971659999999873
    },
    "comb_sort": {
      "0.01": 0.003569979999999984,
      "0.032": 0.012563379999999968,
      "0.055": 0.025144029999999963,
      "0.078": 0.03899279,
      "0.1": 0.051875939999997914
    },
    "heap_sort": {
      "0.01": 0.004028480000000001,
      "0.032": 0.014745289999999977,
      "0.055": 0.027982980000000168,
      "0.078": 0.0412396600000001,
      "0.1": 0.05392243000000008
    }
  },
  "complexities": {
    "insertion_sort": {
      "slope": 2.0068499627129524,
      "r2": 0.9999981073958104
    },
    "merge_sort": {
      "slope": 1.0973259219923124,
      "r2": 0.9999248566068981
    },
    "quick_sort_2": {
      "slope": 1.0601067412641354,
      "r2": 0.9953896624987816
    },
    "quick_sort_3": {
      "slope": 0.885569734592964,
      "r2": 0.9989732796821155
    },
    "comb_sort": {
      "slope": 1.1683812771713498,
      "r2": 0.9985386312132262
    },
    "heap_sort": {
      "slope": 1.1310981483565832,
      "r2": 0.9998851139421834
    }
  }
}