{
  "timings": {
    "insertion_sort": {
      "0.2": 26.433443099999998,
      "0.4": 106.16181642999997,
      "0.6": 237.2732396799999,
      "0.8": 406.7291309600001,
      "1.0": 610.2483994400002
    },
    "merge_sort": {
      "0.2": 0.09015058000000005,
      "0.4": 0.2781429100000025,
      "0.6": 0.441309579999961,
      "0.8": 0.5964398199999777,
      "1.0": 0.7546535899999072
    },
    "quick_sort_2": {
      "0.2": 17.946252859999994,
      "0.4": 71.97600962000001,
      "0.6": 159.81566532000005,
      "0.8": 273.7324575099999,
      "1.0": 513.4407736800001
    },
    "quick_sort_3": {
      "0.2": 0.00471648,
      "0.4": 0.01777290000000562,
      "0.6": 0.02973155000004226,
      "0.8": 0.030795049999960612,
      "1.0": 0.041260310000234314
    },
    "comb_sort": {
      "0.2": 0.10965057000000004,
      "0.4": 0.358825609999991,
      "0.6": 0.546419270000024,
      "0.8": 0.7607933600000706,
      "1.0": 0.9458539399998699
    },
    "radix_sort": {
      "0.2": 0.013380989999999992,
      "0.4": 0.03888639000001035,
      "0.6": 0.06164164000001619,
      "0.8": 0.08006007999993017,
      "1.0": 0.09947592000016811
    },
    "heap_sort": {
      "0.2": 0.07155196,
      "0.4": 0.20114060999999311,
      "0.6": 0.31795141000004606,
      "0.8": 0.4301860700000816,
      "1.0": 0.5582344100002956
    }
  },
  "complexities": {
    "insertion_sort": {
      "slope": 1.956584600775482,
      "r2": 0.9996611014647044
    },
    "merge_sort": {
      "slope": 1.3133577426149283,
      "r2": 0.9880179758001147
    },
    "quick_sort_2": {
      "slope": 2.040364309922939,
      "r2": 0.9975214268958801
    },
    "quick_sort_3": {
      "slope": 1.3170027520552572,
      "r2": 0.9438182919414533
    },
    "comb_sort": {
      "slope": 1.3300159469025468,
      "r2": 0.98410848470375
    },
    "radix_sort": {
      "slope": 1.2432523853703181,
      "r2": 0.9864727173163583
    },
    "heap_sort": {
      "slope": 1.2663117578173675,
      "r2": 0.9935704425634586
    }
  }
}