{
  "timings": {
    "merge_sort": {
      "0.2": 0.07984769000000004,
      "0.4": 0.1788110999999999,
      "0.6": 0.28802734,
      "0.8": 0.40284673999999965,
      "1.0": 0.51999785
    },
    "quick_sort_2": {
      "0.2": 0.19345483000000002,
      "0.4": 0.67144275,
      "0.6": 1.442085920000001,
      "0.8": 2.54106438,
      "1.0": 4.128705990000002
    },
    "quick_sort_3": {
      "0.2": 0.03504127,
      "0.4": 0.07918450000000003,
      "0.6": 0.1347553999999997,
      "0.8": 0.18932471000000034,
      "1.0": 0.25855657999999904
    },
    "comb_sort": {
      "0.2": 0.12684382,
      "0.4": 0.3332509599999999,
      "0.6": 0.6274927100000005,
      "0.8": 0.9549607900000001,
      "1.0": 1.4793708800000018
    },
    "heap_sort": {
      "0.2": 0.13143652,
      "0.4": 0.3140531200000001,
      "0.6": 0.5213023299999999,
      "0.8": 0.7762324200000001,
      "1.0": 1.043752090000001
    }
  },
  "complexities": {
    "merge_sort": {
      "slope": 1.1658623713296838,
      "r2": 0.999990851108217
    },
    "quick_sort_2": {
      "slope": 1.8905524163657301,
      "r2": 0.9989324699215945
    },
    "quick_sort_3": {
      "slope": 1.2385528035923141,
      "r2": 0.9993344546198139
    },
    "comb_sort": {
      "slope": 1.5087154904562776,
      "r2": 0.9975012982153195
    },
    "heap_sort": {
      "slope": 1.2853891758909626,
      "r2": 0.9996352092535011
    }
  }
}