{
  "timings": {
    "insertion_sort": {
      "0.01": 0.06216170000000001,
      "0.032": 0.6582831900000001,
      "0.055": 2.0617241100000006,
      "0.078": 3.78877442,
      "0.1": 6.4685608299999995
    },
    "merge_sort": {
      "0.01": 0.0027173400000000012,
      "0.032": 0.009701470000000012,
      "0.055": 0.018145039999999925,
      "0.078": 0.02701745999999936,
      "0.1": 0.03456786999999935
    },
    "quick_sort_2": {
      "0.01": 0.002226680000000003,
      "0.032": 0.007741880000000023,
      "0.055": 0.01471662000000018,
      "0.078": 0.02142303999999946,
      "0.1": 0.02919018000000051
    },
    "quick_sort_3": {
      "0.01": 0.002910690000000005,
      "0.032": 0.008798310000000064,
      "0.055": 0.01598813000000012,
      "0.078": 0.020989050000000377,
      "0.1": 0.027136499999998877
    },
    "comb_sort": {
      "0.01": 0.0038447700000000195,
      "0.032": 0.013388209999999966,
      "0.055": 0.027390849999999835,
      "0.078": 0.043148399999999754,
      "0.1": 0.05886377000000209
    },
    "radix_sort": {
      "0.01": 0.006552370000000007,
      "0.032": 0.021093809999999946,
      "0.055": 0.03771550000000001,
      "0.078": 0.05535165000000042,
      "0.1": 0.06781347000000153
    },
    "heap_sort": {
      "0.01": 0.003986660000000008,
      "0.032": 0.01494525999999996,
      "0.055": 0.029354189999999926,
      "0.078": 0.043634820000000116,
      "0.1": 0.05664289000000196
    }
  },
  "complexities": {
    "insertion_sort": {
      "slope": 2.0146357068120384,
      "r2": 0.9996430917425645
    },
    "merge_sort": {
      "slope": 1.1117507351691094,
      "r2": 0.9998062873963026
    },
    "quick_sort_2": {
      "slope": 1.1149032143988253,
      "r2": 0.9995003336799674
    },
    "quick_sort_3": {
      "slope": 0.9722838770444895,
      "r2": 0.9989815485952176
    },
    "comb_sort": {
      "slope": 1.1885042606313083,
      "r2": 0.9974131628589326
    },
    "radix_sort": {
      "slope": 1.0262681824146562,
      "r2": 0.9994784558225341
    },
    "heap_sort": {
      "slope": 1.1611174722711801,
      "r2": 0.999672123850791
    }
  }
}