{
  "timings": {
    "merge_sort": {
      "0.2": 0.07208425999999998,
      "0.289": 0.10887495999999997,
      "0.378": 0.14883135000000008,
      "0.467": 0.18976716999999982,
      "0.556": 0.2307190199999999,
      "0.644": 0.2808789500000001,
      "0.733": 0.32973675,
      "0.822": 0.3812412300000002,
      "0.911": 0.4346553199999995,
      "1.0": 0.48064809999999836
    },
    "quick_sort_2": {
      "0.2": 0.06104008000000001,
      "0.289": 0.0937759900000001,
      "0.378": 0.13027930999999998,
      "0.467": 0.1679961100000001,
      "0.556": 0.20962190000000014,
      "0.644": 0.2555258999999991,
      "0.733": 0.30551272000000046,
      "0.822": 0.3564678700000005,
      "0.911": 0.41983909999999935,
      "1.0": 0.46962470000000067
    },
    "quick_sort_3": {
      "0.2": 0.04913375000000002,
      "0.289": 0.07360034000000001,
      "0.378": 0.09521973000000021,
      "0.467": 0.11905071000000005,
      "0.556": 0.1454849499999998,
      "0.644": 0.17204781999999968,
      "0.733": 0.20059791000000082,
      "0.822": 0.2373116600000003,
      "0.911": 0.26242094999999993,
      "1.0": 0.28777398000000004
    },
    "comb_sort": {
      "0.2": 0.10848304000000004,
      "0.289": 0.18091073999999996,
      "0.378": 0.24435265000000017,
      "0.467": 0.31576397000000017,
      "0.556": 0.3740439200000004,
      "0.644": 0.48504448999999905,
      "0.733": 0.5465198199999997,
      "0.822": 0.7157686999999996,
      "0.911": 0.7956525699999993,
      "1.0": 0.9672016500000005
    },
    "radix_sort": {
      "0.2": 0.13298022,
      "0.289": 0.20078514000000008,
      "0.378": 0.2656770999999997,
      "0.467": 0.3347088499999996,
      "0.556": 0.40268972000000003,
      "0.644": 0.5001034900000004,
      "0.733": 0.5750964900000006,
      "0.822": 0.6813814200000003,
      "0.911": 0.763741000000001,
      "1.0": 0.8772652300000019
    },
    "heap_sort": {
      "0.2": 0.11939919999999997,
      "0.289": 0.18503856000000005,
      "0.378": 0.25120822000000004,
      "0.467": 0.32813703000000005,
      "0.556": 0.3988846200000003,
      "0.644": 0.49907033999999956,
      "0.733": 0.5763623200000005,
      "0.822": 0.6859714999999997,
      "0.911": 0.7740536699999986,
      "1.0": 0.8857977499999989
    }
  },
  "complexities": {
    "merge_sort": {
      "slope": 1.1882611926448994,
      "r2": 0.9993694554087039
    },
    "quick_sort_2": {
      "slope": 1.2751148174768607,
      "r2": 0.998529382227738
    },
    "quick_sort_3": {
      "slope": 1.1070253459576855,
      "r2": 0.9984298228949026
    },
    "comb_sort": {
      "slope": 1.320993334246075,
      "r2": 0.9937429901474578
    },
    "radix_sort": {
      "slope": 1.166693499804892,
      "r2": 0.9976272021483718
    },
    "heap_sort": {
      "slope": 1.2455172152709744,
      "r2": 0.9988453734420464
    }
  }
}