{
  "timings": {
    "merge_sort": {
      "0.2": 0.07390223999999998,
      "0.4": 0.160976,
      "0.6": 0.2533247600000001,
      "0.8": 0.3591341700000001,
      "1.0": 0.46552507999999976
    },
    "quick_sort_2": {
      "0.2": 0.06394157999999998,
      "0.4": 0.13763179000000006,
      "0.6": 0.23270352,
      "0.8": 0.3362459499999998,
      "1.0": 0.46731381999999966
    },
    "quick_sort_3": {
      "0.2": 0.05204745000000001,
      "0.4": 0.10482296999999989,
      "0.6": 0.16072860000000003,
      "0.8": 0.22314032999999983,
      "1.0": 0.28566503000000054
    },
    "comb_sort": {
      "0.2": 0.11163158999999998,
      "0.4": 0.2604307199999999,
      "0.6": 0.4241444399999999,
      "0.8": 0.6712592999999998,
      "1.0": 0.9249911900000001
    },
    "radix_sort": {
      "0.2": 0.13787802,
      "0.4": 0.28667546000000016,
      "0.6": 0.45049408999999996,
      "0.8": 0.6432012500000001,
      "1.0": 0.8581844999999998
    },
    "heap_sort": {
      "0.2": 0.12446859000000002,
      "0.4": 0.27749583999999994,
      "0.6": 0.4495639500000001,
      "0.8": 0.6488320299999998,
      "1.0": 0.8536689099999997
    }
  },
  "complexities": {
    "merge_sort": {
      "slope": 1.1425515689478591,
      "r2": 0.9997897253416522
    },
    "quick_sort_2": {
      "slope": 1.2306467622116428,
      "r2": 0.9973533556185764
    },
    "quick_sort_3": {
      "slope": 1.0574102326853236,
      "r2": 0.999346429739576
    },
    "comb_sort": {
      "slope": 1.3074870388553363,
      "r2": 0.9969146422986207
    },
    "radix_sort": {
      "slope": 1.130298480497544,
      "r2": 0.9982680628436535
    },
    "heap_sort": {
      "slope": 1.1962700336814651,
      "r2": 0.9996224079202886
    }
  }
}