{
  "timings": {
    "insertion_sort": {
      "0.01": 0.03100057999999998,
      "0.032": 0.33282771,
      "0.055": 0.93073129,
      "0.078": 1.8761817600000001,
      "0.1": 3.15712601
    },
    "merge_sort": {
      "0.01": 0.002556459999999994,
      "0.032": 0.009133869999999988,
      "0.055": 0.016487350000000057,
      "0.078": 0.02439902000000025,
      "0.1": 0.03192830999999998
    },
    "quick_sort_2": {
      "0.01": 0.021320139999999998,
      "0.032": 0.21798208,
      "0.055": 0.6430212700000001,
      "0.078": 1.2745886000000002,
      "0.1": 2.1674843700000013
    },
    "quick_sort_3": {
      "0.01": 0.00019335000000000324,
      "0.032": 0.0007319799999999877,
      "0.055": 0.0013036399999999837,
      "0.078": 0.0016527100000001127,
      "0.1": 0.0022895999999995808
    },
    "comb_sort": {
      "0.01": 0.0027224600000000155,
      "0.032": 0.010810409999999982,
      "0.055": 0.019813249999999893,
      "0.078": 0.02918403000000023,
      "0.1": 0.03877497999999946
    },
    "radix_sort": {
      "0.01": 0.0005102099999999999,
      "0.032": 0.0015991899999999947,
      "0.055": 0.0027511900000000366,
      "0.078": 0.0038716099999998475,
      "0.1": 0.004984859999999714
    },
    "heap_sort": {
      "0.01": 0.0019380799999999866,
      "0.032": 0.006737300000000024,
      "0.055": 0.012240350000000167,
      "0.078": 0.01770676999999985,
      "0.1": 0.02374050999999966
    }
  },
  "complexities": {
    "insertion_sort": {
      "slope": 1.9989131984604362,
      "r2": 0.999843893008749
    },
    "merge_sort": {
      "slope": 1.0968041003049522,
      "r2": 0.9999894628094016
    },
    "quick_sort_2": {
      "slope": 2.0007041132438173,
      "r2": 0.9999562450860301
    },
    "quick_sort_3": {
      "slope": 1.0616201858534036,
      "r2": 0.9963076144272597
    },
    "comb_sort": {
      "slope": 1.1521889150690077,
      "r2": 0.9997664407732089
    },
    "radix_sort": {
      "slope": 0.9891080825865335,
      "r2": 0.9999798006782706
    },
    "heap_sort": {
      "slope": 1.0845511018470915,
      "r2": 0.9998921882926067
    }
  }
}