{
  "timings": {
    "insertion_sort": {
      "0.01": 0.03278574999999998,
      "0.032": 0.3186533,
      "0.055": 0.9364841299999999,
      "0.078": 1.89838745,
      "0.1": 3.13940878
    },
    "merge_sort": {
      "0.01": 0.0030266999999999933,
      "0.032": 0.009047199999999988,
      "0.055": 0.01653803000000016,
      "0.078": 0.025176320000000273,
      "0.1": 0.03364707000000067
    },
    "quick_sort_2": {
      "0.01": 0.023054699999999984,
      "0.032": 0.21671616,
      "0.055": 0.6353591,
      "0.078": 1.3028619699999997,
      "0.1": 2.1551417600000002
    },
    "quick_sort_3": {
      "0.01": 0.00023956999999998895,
      "0.032": 0.0008073000000000108,
      "0.055": 0.0012159099999998978,
      "0.078": 0.001974270000000189,
      "0.1": 0.0020648899999983427
    },
    "comb_sort": {
      "0.01": 0.003370300000000004,
      "0.032": 0.010718079999999986,
      "0.055": 0.01997763999999993,
      "0.078": 0.030284409999999973,
      "0.1": 0.03976181000000025
    },
    "radix_sort": {
      "0.01": 0.0005652299999999832,
      "0.032": 0.0015943299999999772,
      "0.055": 0.002801559999999892,
      "0.078": 0.004275150000000139,
      "0.1": 0.004973059999998952
    },
    "heap_sort": {
      "0.01": 0.0022733399999999905,
      "0.032": 0.0065544300000000225,
      "0.055": 0.01225916000000007,
      "0.078": 0.0185439900000004,
      "0.1": 0.024792780000001357
    }
  },
  "complexities": {
    "insertion_sort": {
      "slope": 1.9795526707261395,
      "r2": 0.9999390817778209
    },
    "merge_sort": {
      "slope": 1.0440099995996577,
      "r2": 0.9967906173326249
    },
    "quick_sort_2": {
      "slope": 1.9689762921323217,
      "r2": 0.999816717058801
    },
    "quick_sort_3": {
      "slope": 0.9611656877050772,
      "r2": 0.9915817654291279
    },
    "comb_sort": {
      "slope": 1.0744500050110126,
      "r2": 0.9983860254507129
    },
    "radix_sort": {
      "slope": 0.9639600409672991,
      "r2": 0.9969453787393904
    },
    "heap_sort": {
      "slope": 1.037552551703305,
      "r2": 0.9955561981740887
    }
  }
}