{
  "timings": {
    "insertion_sort": {
      "0.01": 0.03168455999999999,
      "0.032": 0.31737252,
      "0.055": 0.9231212399999997,
      "0.078": 1.83720107,
      "0.1": 3.0349688400000003
    },
    "merge_sort": {
      "0.01": 0.002574719999999997,
      "0.032": 0.00907015000000001,
      "0.055": 0.016513680000000176,
      "0.078": 0.024326819999999926,
      "0.1": 0.031395169999999695
    },
    "quick_sort_2": {
      "0.01": 0.02163390999999999,
      "0.032": 0.21615549,
      "0.055": 0.62973288,
      "0.078": 1.2584204200000004,
      "0.1": 2.075168989999999
    },
    "quick_sort_3": {
      "0.01": 0.0002435000000000187,
      "0.032": 0.0006984300000000166,
      "0.055": 0.0012800299999998544,
      "0.078": 0.001668999999999876,
      "0.1": 0.002164650000000279
    },
    "comb_sort": {
      "0.01": 0.002723809999999993,
      "0.032": 0.010830649999999997,
      "0.055": 0.019867460000000125,
      "0.078": 0.029169219999999996,
      "0.1": 0.03849393000000027
    },
    "radix_sort": {
      "0.01": 0.0004980100000000154,
      "0.032": 0.00163511999999999,
      "0.055": 0.00279575000000003,
      "0.078": 0.00394974000000019,
      "0.1": 0.005014820000000242
    },
    "heap_sort": {
      "0.01": 0.0018853099999999955,
      "0.032": 0.006760410000000039,
      "0.055": 0.011949149999999875,
      "0.078": 0.017765319999999817,
      "0.1": 0.0241525400000004
    }
  },
  "complexities": {
    "insertion_sort": {
      "slope": 1.9788921706459488,
      "r2": 0.9999952958027724
    },
    "merge_sort": {
      "slope": 1.0895791903291714,
      "r2": 0.999954939470242
    },
    "quick_sort_2": {
      "slope": 1.9799755756370823,
      "r2": 0.9999960756666304
    },
    "quick_sort_3": {
      "slope": 0.9518240916539487,
      "r2": 0.9984802436036038
    },
    "comb_sort": {
      "slope": 1.1500699359950635,
      "r2": 0.9996916751846355
    },
    "radix_sort": {
      "slope": 1.0041293225828305,
      "r2": 0.9998911217629821
    },
    "heap_sort": {
      "slope": 1.09934414002947,
      "r2": 0.999697375383524
    }
  }
}