ratio,insertion_sort,merge_sort,quick_sort_2,quick_sort_3,comb_sort,radix_sort,heap_sort
0.01,0.03168455999999999,0.002574719999999997,0.02163390999999999,0.0002435000000000187,0.002723809999999993,0.0004980100000000154,0.0018853099999999955
0.032,0.31737252,0.00907015000000001,0.21615549,0.0006984300000000166,0.010830649999999997,0.00163511999999999,0.006760410000000039
0.055,0.9231212399999997,0.016513680000000176,0.62973288,0.0012800299999998544,0.019867460000000125,0.00279575000000003,0.011949149999999875
0.078,1.83720107,0.024326819999999926,1.2584204200000004,0.001668999999999876,0.029169219999999996,0.00394974000000019,0.017765319999999817
0.1,3.0349688400000003,0.031395169999999695,2.075168989999999,0.002164650000000279,0.03849393000000027,0.005014820000000242,0.0241525400000004
